id,img,name,item,weight,coeff,sale,buyDate,saleDate,comment,category
p1785248304468,https://http2.mlstatic.com/D_NQ_NP_636580-CBT112651552933_062026-O.webp,рандом №1 море,42.87,0.2,6.4,900,2026-07-01,,,clock
p1735248404468,https://http2.mlstatic.com/D_NQ_NP_636580-CBT112651552933_062026-O.webp,рандом №2 море,42.87,0.2,6.4,900,2026-07-01,,,clock
p1285248404468,https://http2.mlstatic.com/D_NQ_NP_636580-CBT112651552933_062026-O.webp,рандом №3 море,42.87,0.2,6.4,900,2026-07-01,,,clock
p1785248494468,https://http2.mlstatic.com/D_NQ_NP_636580-CBT112651552933_062026-O.webp,рандом №4 море,42.87,0.2,6.4,900,2026-07-01,,,clock
p1785248404468,https://http2.mlstatic.com/D_NQ_NP_636580-CBT112651552933_062026-O.webp,рандом №1,42.87,0.2,17.2,900,2026-07-01,2026-08-25,,clock
p1785248404469,https://http2.mlstatic.com/D_NQ_NP_636580-CBT112651552933_062026-O.webp,рандом №2,42.87,0.2,17.2,900,2026-07-01,2026-08-27,,clock
p1785248404410,https://http2.mlstatic.com/D_NQ_NP_636580-CBT112651552933_062026-O.webp,рандом №3 торт,42.87,0.2,17.2,900,2026-07-01,2026-08-24,,clock
p1785248404411,https://http2.mlstatic.com/D_NQ_NP_636580-CBT112651552933_062026-O.webp,рандом №4,42.87,0.2,17.2,900,2026-07-01,2026-08-22,,clock
p1785248404412,https://http2.mlstatic.com/D_NQ_NP_636580-CBT112651552933_062026-O.webp,Гриффиндор,57,0.2,17.2,900,2026-07-01,,,clock
p1785248404413,https://http2.mlstatic.com/D_NQ_NP_636580-CBT112651552933_062026-O.webp,Слизерин,57,0.2,17.2,900,2026-07-01,2026-08-21,,clock
p1785248404414,https://http2.mlstatic.com/D_NQ_NP_636580-CBT112651552933_062026-O.webp,Черная метка,57,0.2,17.2,917,2026-07-01,2026-08-28,,clock
p1785248404415,https://http2.mlstatic.com/D_NQ_NP_636580-CBT112651552933_062026-O.webp,Сова,47,0.2,17.2,900,2026-07-01,,,clock
p1785248404416,https://http2.mlstatic.com/D_NQ_NP_636580-CBT112651552933_062026-O.webp,Хаффлпаф,47,0.2,17.2,900,2026-07-01,,,clock
p1788343147949,https://cdn.27.ua/sc--media--prod/default/7d/cb/4f/7dcb4f99-3a04-42fb-b430-2e10d6240e97.png,конструктор велосипед,3.8,0.057,,200,2026-07-01,,,constructor1
p1788343147950,https://m.media-amazon.com/images/I/81a8Q3NUR6L._AC_SL1500_.jpg,конструктор пиранья,67,1.471,,1422,2026-07-01,2026-08-05,,constructor1
p1788343147951,https://cdn.27.ua/sc--media--prod/default/47/97/f2/4797f2d5-32cc-47f7-abbf-d44a2bc7a213.png,конструктор кит,70,1.302,,1400,2026-07-01,,,constructor1
p1788343147952,https://preview.redd.it/anyone-buy-this-wizard-cat-v0-5v1eoyhuczsf1.jpeg?width=1080&crop=smart&auto=webp&s=0e9e087c02e4ee35dd329175f5066af8326b1ff1,конструктор кот,82,1.42,,1400,2026-07-01,,,constructor1
p1788343147953,https://encrypted-tbn0.gstatic.com/images?q=tbn:ANd9GcSkY2_gFJEToLdp3TrfoTq1JSJ1FHOMlj0QuOcdbrTn6A&s,Синий Дракон,72.07,1.2,,1400,2026-07-01,,,constructor2
p1788343147954,https://encrypted-tbn0.gstatic.com/images?q=tbn:ANd9GcQKfNX1FhB_vgkxjg0Pz22t_cbljHn-ETJ5Rx8cCTX1kQ&s=10,Кит с электомотором,72.7,1.34,,1500,2026-07-01,,,constructor2
p1788343147955,https://encrypted-tbn0.gstatic.com/images?q=tbn:ANd9GcTp6a7oACrwc__HMVi8IgFVy9XPH4RJdc5DxEfJT1SzBBZvH_wHRyOegnA&s=10,Кот черный,81.34,2.223,,1600,2026-07-01,,,constructor2
p1788343147956,https://s.alicdn.com/@sc04/kf/H3df24ad99c014bf7b079cfb6f981c5cbr/13105-Plastic-Educational-Mechanical-Triceratops-Dinosaur-Model-Building-Blocks-Set-800-Pieces-Battery-Powered.png,Динозавр с элетромотором,97.21,1.846,,1700,2026-07-01,,,constructor2
p1788343147957,https://www.buildingtoystore.com/17108-superlarge_default/custom-dk-7042-mechanical-lantern-fish-building-blocks-toy-set.jpg,Синяя рыба-фонарь,55.31,1.112,,1500,2026-07-01,,,constructor2
p1788343147958,https://s.alicdn.com/@sc04/kf/Hdf06953ad48446528786120525b651e5V.jpg_300x300.jpg,Чорная рыба,70.35,0.983,,1500,2026-07-01,,,constructor2
p1788343147959,https://encrypted-tbn0.gstatic.com/images?q=tbn:ANd9GcRco4WTfnNTgW6NntuCo0lHE5foKsLa48_HPQ3CGMfNcsmt_trbCIZUzXc&s=10,Беззубик #2,47.2,0.6,,1200,2026-07-01,,,constructor2
p1788343147960,https://encrypted-tbn0.gstatic.com/images?q=tbn:ANd9GcRco4WTfnNTgW6NntuCo0lHE5foKsLa48_HPQ3CGMfNcsmt_trbCIZUzXc&s=10,Беззубик #1,43.5,0.6,11.3,1200,2026-07-01,,,constructor2
